{"luminosityThreshold":0.6807407253456662,"luminositySmoothWidth":0.21753083193228026,"linearWhite":1.0724276207195027,"shoulderStrength":1.623867970021153,"linearStrength":1.9547321796021428,"linearAngle":0.015966998395306565,"toeStrength":0.01901230618368628,"toeNumerator":0.007983499197653282,"toeDenominator":1.0526748550824085,"exposure":0.5232921197528245,"toneColorR":-0.07967082874998743,"toneColorG":-0.5208231081913075,"toneColorB":-0.5428807221633735,"toneGray":0.21753083193228026,"bloomStrength":0.1734156039881483,"bloomRadius":0.3156376706390914,"vignetteSize":0.5,"vignetteAmount":0.8518514809988429}