{"luminosityThreshold":0.5814814624713692,"luminositySmoothWidth":0.21753083193228026,"linearWhite":1.9547321796021428,"shoulderStrength":2.506172528903793,"linearStrength":1.293003760440163,"linearAngle":0.015966998395306565,"toeStrength":0.01901230618368628,"toeNumerator":0.07415634111385128,"toeDenominator":0.7438682594734846,"exposure":0.5232921197528245,"toneColorR":-0.7634568618840334,"toneColorG":-0.4767078802471755,"toneColorB":-0.4767078802471755,"toneGray":0.12930037604401629,"bloomStrength":0.11827156905798328,"bloomRadius":1.1427981945915664,"vignetteSize":0.5,"vignetteAmount":1.293003760440163}